{"cameraMode":{"drawMode":0,"name":"Shaded","section":"Shading Mode"},"sceneLighting":true,"audioPlay":false,"sceneViewState":{"m_AlwaysRefresh":false,"showFog":true,"showSkybox":true,"showFlares":true,"showImageEffects":true,"showParticleSystems":true,"showVisualEffectGraphs":true,"m_FxEnabled":true},"in2DMode":false,"pivot":{"x":-16.107280731201173,"y":4.539999961853027,"z":39.24275207519531},"rotation":{"x":0.1466393917798996,"y":-0.04302053153514862,"z":0.006384535226970911,"w":0.9882369637489319},"size":12.12435531616211,"orthographic":false}